Workbook

Sheet Guide
A1: How to use this tracker
A3: 1. | B3: Go to the Tracker sheet and add one row per job. Type only in the white cells.
A4: 2. | B4: Grey cells (Follow-up due, Days since applied) fill in by themselves. Please do not type in them.
A5: 3. | B5: Pick the Status from the drop-down. Colours change automatically (Offer = green, Rejected = red, Interviews = blue).
A6: 4. | B6: A Follow-up due date turns orange once it has passed. That is your cue to send a polite follow-up message.
A7: 5. | B7: Change the yellow number at the top of the Tracker (default 7) to follow up sooner or later.
A8: 6. | B8: The Summary sheet shows your counts, interview rate and response rate. Nothing to type there.
A9: 7. | B9: Using Google Sheets? Upload this file to Google Drive, open it with Google Sheets, and everything works the same.
A11: Example row (how a filled row looks; this is sample data, do not copy it into your tracker)
A12: Company | B12: Job title | C12: Location | D12: Job link | E12: Source (LinkedIn, Naukri...) | F12: Date applied | G12: Status | H12: Follow-up due | I12: Interview date | J12: Contact / referral | K12: Notes | L12: Days since applied
A13: Acme Analytics | B13: Junior Data Analyst | C13: Pune | D13: https://www.linkedin.com/jobs/view/0000000000 | E13: LinkedIn | F13: 05-Oct-2026 | G13: Applied | H13: 12-Oct-2026 | J13: Priya (referral) | K13: Tailored resume for SQL + Power BI | L13: 6
A15: Made by Grind With Ritik - instagram.com/grindwithritikk

Sheet Tracker
A1: Job Search Tracker
A2: Follow up after (days): | C2: 7 | D2: <- change this number. 'Follow-up due' = date applied + this many days (only while status is Applied).
A4: Company | B4: Job title | C4: Location | D4: Job link | E4: Source (LinkedIn, Naukri...) | F4: Date applied | G4: Status | H4: Follow-up due | I4: Interview date | J4: Contact / referral | K4: Notes | L4: Days since applied
H5: =IF(OR(F5="",G5<>"Applied"),"",F5+$C$2) | L5: =IF(F5="","",TODAY()-F5)
H6: =IF(OR(F6="",G6<>"Applied"),"",F6+$C$2) | L6: =IF(F6="","",TODAY()-F6)
H7: =IF(OR(F7="",G7<>"Applied"),"",F7+$C$2) | L7: =IF(F7="","",TODAY()-F7)
H8: =IF(OR(F8="",G8<>"Applied"),"",F8+$C$2) | L8: =IF(F8="","",TODAY()-F8)
H9: =IF(OR(F9="",G9<>"Applied"),"",F9+$C$2) | L9: =IF(F9="","",TODAY()-F9)
H10: =IF(OR(F10="",G10<>"Applied"),"",F10+$C$2) | L10: =IF(F10="","",TODAY()-F10)
H11: =IF(OR(F11="",G11<>"Applied"),"",F11+$C$2) | L11: =IF(F11="","",TODAY()-F11)
H12: =IF(OR(F12="",G12<>"Applied"),"",F12+$C$2) | L12: =IF(F12="","",TODAY()-F12)
H13: =IF(OR(F13="",G13<>"Applied"),"",F13+$C$2) | L13: =IF(F13="","",TODAY()-F13)
H14: =IF(OR(F14="",G14<>"Applied"),"",F14+$C$2) | L14: =IF(F14="","",TODAY()-F14)
H15: =IF(OR(F15="",G15<>"Applied"),"",F15+$C$2) | L15: =IF(F15="","",TODAY()-F15)
H16: =IF(OR(F16="",G16<>"Applied"),"",F16+$C$2) | L16: =IF(F16="","",TODAY()-F16)
... H204: =IF(OR(F204="",G204<>"Applied"),"",F204+$C$2) | L204: =IF(F204="","",TODAY()-F204)

Sheet Summary
A1: Summary
A2: Updates by itself from the Tracker sheet. Nothing to type here.
A4: Status | B4: Count
A5: Saved | B5: =COUNTIF(Tracker!$G$5:$G$204,A5) -> 0
A6: Applied | B6: =COUNTIF(Tracker!$G$5:$G$204,A6) -> 0
A7: Interview Scheduled | B7: =COUNTIF(Tracker!$G$5:$G$204,A7) -> 0
A8: Interviewing | B8: =COUNTIF(Tracker!$G$5:$G$204,A8) -> 0
A9: Offer | B9: =COUNTIF(Tracker!$G$5:$G$204,A9) -> 0
A10: Rejected | B10: =COUNTIF(Tracker!$G$5:$G$204,A10) -> 0
A11: No Response | B11: =COUNTIF(Tracker!$G$5:$G$204,A11) -> 0
A12: Withdrawn | B12: =COUNTIF(Tracker!$G$5:$G$204,A12) -> 0
A13: Total tracked | B13: =SUM(B5:B12) -> 0
A14: Applications sent (everything except Saved) | B14: =B13-B5 -> 0
A15: Interview rate (interviews + offers / sent) | B15: =IF(B14=0,0,(B7+B8+B9)/B14) -> 0
A16: Response rate (any reply incl. rejections / sent) | B16: =IF(B14=0,0,(B7+B8+B9+B10)/B14) -> 0
